{
	"excludeFiles": [],
	"disallowKeywords": ["with"],
	"disallowMultipleLineBreaks": true,
	"disallowTrailingWhitespace": true,
	"disallowKeywordsOnNewLine": ["else"],
	"requireSpaceBeforeBinaryOperators": ["?", "+", "-", "/", "*", "=", "==", "===", "!=", "!==", ">", ">=", "<", "<="],
	"requireSpaceAfterBinaryOperators": ["?", "+", "/", "*", ":", "=", "==", "===", "!=", "!==", ">", ">=", "<", "<="],
	"requireMultipleVarDecl": true,
	"disallowSpaceBeforeBinaryOperators": [","],
	"disallowSpaceAfterBinaryOperators": ["!"],
	"requireCurlyBraces": ["if", "else", "for", "while", "do", "try", "catch"],
	"requireSpaceAfterKeywords": ["if", "else", "for", "while", "do", "switch", "return", "try", "catch"],
	"requireSpacesInFunctionExpression": {
		"beforeOpeningCurlyBrace": true
	},
	"validateJSDoc": {
		"checkParamNames": true,
		"requireParamTypes": true 
	}
}
